{"cameraMode":{"drawMode":0,"name":"Shaded","section":"Shading Mode"},"sceneLighting":true,"audioPlay":false,"sceneViewState":{"m_AlwaysRefresh":false,"showFog":true,"showSkybox":true,"showFlares":true,"showImageEffects":true,"showParticleSystems":true,"showVisualEffectGraphs":true,"m_FxEnabled":true},"in2DMode":false,"pivot":{"x":-0.5589799284934998,"y":0.24967031180858613,"z":-0.32203245162963869},"rotation":{"x":0.18372929096221925,"y":-0.018861377611756326,"z":0.003519159508869052,"w":0.9828072190284729},"size":2.909876823425293,"orthographic":false}