{"cameraMode":{"drawMode":0,"name":"Shaded","section":"Shading Mode"},"sceneLighting":true,"audioPlay":false,"sceneViewState":{"m_AlwaysRefresh":false,"showFog":true,"showSkybox":true,"showFlares":true,"showImageEffects":true,"showParticleSystems":true,"showVisualEffectGraphs":true,"m_FxEnabled":true},"in2DMode":false,"pivot":{"x":1.3911710977554322,"y":-0.9753673076629639,"z":0.6046439409255981},"rotation":{"x":-0.1200161948800087,"y":-0.011625167913734913,"z":0.0014118305407464505,"w":-0.992745578289032},"size":4.134784698486328,"orthographic":false}